Workbook

Sheet ทะเบียน ปี 1
A1: ทะเบียนนักเรียนพยาบาลทหารอากาศ (นพอ.) — ชั้นปีที่ 1 · ปีการศึกษา 2569
A2: คอลัมน์ LINE userId เว้นว่างไว้ ให้เติมเมื่อนักเรียนผูกบัญชี LINE กับระบบ
A4: ลำดับ | B4: รหัสประจำตัว (7 หลัก) | C4: ยศ-ชื่อ-สกุล | D4: ชั้นปี | E4: หมู่ | F4: เพศ | G4: LINE userId | H4: สถานะ
A5: 1 | B5: 6903946 | C5: นพอ. กนกนุช อาจคำไพร | D5: ปี 1 | F5: ญ | H5: กำลังศึกษา
A6: 2 | B6: 6903947 | C6: นพอ. กรกนก เจียรนัย | D6: ปี 1 | F6: ญ | H6: กำลังศึกษา
A7: 3 | B7: 6903948 | C7: นพอ.(ช) กฤติเดช เสาวธารพงศ์ | D7: ปี 1 | F7: ช | H7: กำลังศึกษา
A8: 4 | B8: 6903949 | C8: นพอ. กัญญาพัชร เพ็ชรรัก | D8: ปี 1 | F8: ญ | H8: กำลังศึกษา
A9: 5 | B9: 6903950 | C9: นพอ. กันต์ธิษณ์พิชชา ณะเสือ | D9: ปี 1 | F9: ญ | H9: กำลังศึกษา
A10: 6 | B10: 6903951 | C10: นพอ. กัลยรักษ์ จันทร์ศรี | D10: ปี 1 | F10: ญ | H10: กำลังศึกษา
A11: 7 | B11: 6903952 | C11: นพอ. กานต์สินี ชัยวารินทร์ | D11: ปี 1 | F11: ญ | H11: กำลังศึกษา
A12: 8 | B12: 6903953 | C12: นพอ. กุลิสรา พรหมบุตร | D12: ปี 1 | F12: ญ | H12: กำลังศึกษา
A13: 9 | B13: 6903954 | C13: นพอ. คันธาลักษณ์ ริตพวง | D13: ปี 1 | F13: ญ | H13: กำลังศึกษา
A14: 10 | B14: 6903955 | C14: นพอ. จณิสตา จันทดิษฐ์ | D14: ปี 1 | F14: ญ | H14: กำลังศึกษา
A15: 11 | B15: 6903956 | C15: นพอ.(ช) จิณณวัตร มีปัญญา | D15: ปี 1 | F15: ช | H15: กำลังศึกษา
A16: 12 | B16: 6903957 | C16: นพอ. จิดาภา บำรุงศรี | D16: ปี 1 | F16: ญ | H16: กำลังศึกษา
... A68: 64 | B68: 6904009 | C68: นพอ. อาฐิชยาภรณ์ กิ้นบุราณ | D68: ปี 1 | F68: ญ | H68: กำลังศึกษา

Sheet ทะเบียน ปี 2
A1: ทะเบียนนักเรียนพยาบาลทหารอากาศ (นพอ.) — ชั้นปีที่ 2 · ปีการศึกษา 2569
A2: คอลัมน์ LINE userId เว้นว่างไว้ ให้เติมเมื่อนักเรียนผูกบัญชี LINE กับระบบ
A4: ลำดับ | B4: รหัสประจำตัว (7 หลัก) | C4: ยศ-ชื่อ-สกุล | D4: ชั้นปี | E4: หมู่ | F4: เพศ | G4: LINE userId | H4: สถานะ
A5: 1 | B5: 6803882 | C5: นพอ. กมลฉัตร ชาสุรีย์ | D5: ปี 2 | F5: ญ | H5: กำลังศึกษา
A6: 2 | B6: 6803883 | C6: นพอ. กรชนก หน่อทิม | D6: ปี 2 | F6: ญ | H6: กำลังศึกษา
A7: 3 | B7: 6803884 | C7: นพอ. กรองทอง กันฟัก | D7: ปี 2 | F7: ญ | H7: กำลังศึกษา
A8: 4 | B8: 6803885 | C8: นพอ.(ช) กษิดิ์เดช เอมอานนท์ | D8: ปี 2 | F8: ช | H8: กำลังศึกษา
A9: 5 | B9: 6803886 | C9: นพอ. กัญญพัชร ทองสุข | D9: ปี 2 | F9: ญ | H9: กำลังศึกษา
A10: 6 | B10: 6803887 | C10: นพอ. กัญญวรา โกษาเสวียง | D10: ปี 2 | F10: ญ | H10: กำลังศึกษา
A11: 7 | B11: 6803888 | C11: นพอ. กันต์ธิดา นาคทอง | D11: ปี 2 | F11: ญ | H11: กำลังศึกษา
A12: 8 | B12: 6803889 | C12: นพอ. กุลิสรา ตุ่นคำ | D12: ปี 2 | F12: ญ | H12: กำลังศึกษา
A13: 9 | B13: 6803890 | C13: นพอ.(ช) จักรพงศ์ ปรีชาคม | D13: ปี 2 | F13: ช | H13: กำลังศึกษา
A14: 10 | B14: 6803891 | C14: นพอ. จิรัชยา ธีรประภานนท์ | D14: ปี 2 | F14: ญ | H14: กำลังศึกษา
A15: 11 | B15: 6803892 | C15: นพอ. ชนัญธิดา สินปรุ | D15: ปี 2 | F15: ญ | H15: กำลังศึกษา
A16: 12 | B16: 6803893 | C16: นพอ. ฐิติกานต์ วัดจัง | D16: ปี 2 | F16: ญ | H16: กำลังศึกษา
... A68: 64 | B68: 6803945 | C68: นพอ. ไอลดา ศาลากิจ | D68: ปี 2 | F68: ญ | H68: กำลังศึกษา

Sheet ทะเบียน ปี 3
A1: ทะเบียนนักเรียนพยาบาลทหารอากาศ (นพอ.) — ชั้นปีที่ 3 · ปีการศึกษา 2569
A2: คอลัมน์ LINE userId เว้นว่างไว้ ให้เติมเมื่อนักเรียนผูกบัญชี LINE กับระบบ
A4: ลำดับ | B4: รหัสประจำตัว (7 หลัก) | C4: ยศ-ชื่อ-สกุล | D4: ชั้นปี | E4: หมู่ | F4: เพศ | G4: LINE userId | H4: สถานะ
A5: 1 | B5: 6703818 | C5: นพอ. กนกวรรณ จิณเสน | D5: ปี 3 | F5: ญ | H5: กำลังศึกษา
A6: 2 | B6: 6703819 | C6: นพอ. กรณิศ เกษแก้ว | D6: ปี 3 | F6: ญ | H6: กำลังศึกษา
A7: 3 | B7: 6703820 | C7: นพอ. กฤตพร พิทักษ์ | D7: ปี 3 | F7: ญ | H7: กำลังศึกษา
A8: 4 | B8: 6703821 | C8: นพอ. กัญญณัช เดชธนาธันยกร | D8: ปี 3 | F8: ญ | H8: กำลังศึกษา
A9: 5 | B9: 6703822 | C9: นพอ. กัณยวัลย์ เทียนบัญญัติ | D9: ปี 3 | F9: ญ | H9: กำลังศึกษา
A10: 6 | B10: 6703823 | C10: นพอ. ข้าวขวัญ ดุจธรรมสาร | D10: ปี 3 | F10: ญ | H10: กำลังศึกษา
A11: 7 | B11: 6703824 | C11: นพอ. จินต์จุฑา จงประเสริฐ | D11: ปี 3 | F11: ญ | H11: กำลังศึกษา
A12: 8 | B12: 6703825 | C12: นพอ. จิราภา กลิ่นมณฑา | D12: ปี 3 | F12: ญ | H12: กำลังศึกษา
A13: 9 | B13: 6703826 | C13: นพอ. ชณัฐธิดา ชูชีพ | D13: ปี 3 | F13: ญ | H13: กำลังศึกษา
A14: 10 | B14: 6703827 | C14: นพอ. ชนัญญา เสาร์แดน | D14: ปี 3 | F14: ญ | H14: กำลังศึกษา
A15: 11 | B15: 6703828 | C15: นพอ. ชวพร โมลานิล | D15: ปี 3 | F15: ญ | H15: กำลังศึกษา
A16: 12 | B16: 6703829 | C16: นพอ. ชัญญาพัฒน์ ทัศนวิภาส | D16: ปี 3 | F16: ญ | H16: กำลังศึกษา
... A65: 61 | B65: 6703881 | C65: นพอ. อัจจิมา สุวรรณประเสริฐ | D65: ปี 3 | F65: ญ | H65: กำลังศึกษา

Sheet ทะเบียน ปี 4
A1: ทะเบียนนักเรียนพยาบาลทหารอากาศ (นพอ.) — ชั้นปีที่ 4 · ปีการศึกษา 2569
A2: คอลัมน์ LINE userId เว้นว่างไว้ ให้เติมเมื่อนักเรียนผูกบัญชี LINE กับระบบ
A4: ลำดับ | B4: รหัสประจำตัว (7 หลัก) | C4: ยศ-ชื่อ-สกุล | D4: ชั้นปี | E4: หมู่ | F4: เพศ | G4: LINE userId | H4: สถานะ
A5: 1 | B5: 6603754 | C5: นพอ. กรกนก วิไลลักษณ์ | D5: ปี 4 | F5: ญ | H5: กำลังศึกษา
A6: 2 | B6: 6603755 | C6: นพอ. กฤตินันท์ ฉิมพาลี | D6: ปี 4 | F6: ญ | H6: กำลังศึกษา
A7: 3 | B7: 6603756 | C7: นพอ. กันต์ฤทัย อินทรเทศ | D7: ปี 4 | F7: ญ | H7: กำลังศึกษา
A8: 4 | B8: 6603757 | C8: นพอ. กัลยาณี นารีพล | D8: ปี 4 | F8: ญ | H8: กำลังศึกษา
A9: 5 | B9: 6603758 | C9: นพอ. กาญจน์สุดา เหล่าบุตรดี | D9: ปี 4 | F9: ญ | H9: กำลังศึกษา
A10: 6 | B10: 6603759 | C10: นพอ.(ช) เกรียงเดช รักถิ่นเดิม | D10: ปี 4 | F10: ช | H10: กำลังศึกษา
A11: 7 | B11: 6603760 | C11: นพอ. ฉัตรชนก กันสาตร | D11: ปี 4 | F11: ญ | H11: กำลังศึกษา
A12: 8 | B12: 6603761 | C12: นพอ. ชญานิศ ทองแสงแก้ว | D12: ปี 4 | F12: ญ | H12: กำลังศึกษา
A13: 9 | B13: 6603762 | C13: นพอ. ชฎาภา บุตรวงษ์ | D13: ปี 4 | F13: ญ | H13: กำลังศึกษา
A14: 10 | B14: 6603763 | C14: นพอ. ชนาภา บุญแสน | D14: ปี 4 | F14: ญ | H14: กำลังศึกษา
A15: 11 | B15: 6603764 | C15: นพอ. ชวัลลักษณ์ อินทะชุบ | D15: ปี 4 | F15: ญ | H15: กำลังศึกษา
A16: 12 | B16: 6603765 | C16: นพอ.(ช) ชายชาญ ไทยรินทร์ | D16: ปี 4 | F16: ช | H16: กำลังศึกษา
... A67: 63 | B67: 6603817 | C67: นพอ. อารียา สงวน | D67: ปี 4 | F67: ญ | H67: กำลังศึกษา

Sheet บันทึกผลประเมิน
A1: บันทึกผลการประเมิน (นำเข้า/วางจากระบบ Google Sheets ชีต Assessments)
A2: วางข้อมูลตั้งแต่แถว 4 · ระดับความเสี่ยงใช้ค่า RED/ORANGE/YELLOW/GREEN · เพศใช้ ช/ญ
A3: วันเวลา | B3: รหัสประจำตัว | C3: ชั้นปี | D3: เพศ | E3: ST-5 | F3: 2Q | G3: 9Q | H3: 9Q ข้อ9 | I3: 8Q | J3: ดัชนีกล้อง | K3: สัญญาณขัดแย้ง | L3: ระดับความเสี่ยง
A4: 2569-07-16 09:12 | B4: 6903946 | C4: ปี 1 | D4: ญ | E4: 3 | F4: 0 | J4: 22 | K4: ไม่ | L4: GREEN
A5: 2569-07-16 09:20 | B5: 6803882 | C5: ปี 2 | D5: ญ | E5: 9 | F5: 1 | G5: 15 | H5: 1 | I5: 11 | J5: 61 | K5: ใช่ | L5: ORANGE
A6: 2569-07-16 09:35 | B6: 6603754 | C6: ปี 4 | D6: ญ | E6: 12 | F6: 1 | G6: 20 | H6: 1 | I6: 18 | J6: 78 | K6: ไม่ | L6: RED

Sheet รายงานแยกประเภท
B1: รายงานสรุปผลการประเมินสุขภาพใจ — แยกประเภท
B2: ทุกตัวเลขคำนวณอัตโนมัติจากชีต 'บันทึกผลประเมิน' (อัปเดตเองเมื่อกรอกข้อมูลใหม่)
B4: ๑) แยกตามระดับความเสี่ยง
B5: ระดับ | C5: จำนวน (ครั้ง) | D5: ความหมาย
B6: RED | C6: =COUNTIF(บันทึกผลประเมิน!$L$4:$L$320,"RED") -> 1 | D6: 🔴 เสี่ยงสูงสุด — ติดต่อใน 1 ชม.
B7: ORANGE | C7: =COUNTIF(บันทึกผลประเมิน!$L$4:$L$320,"ORANGE") -> 1 | D7: 🟠 สำคัญ — ติดต่อใน 24 ชม.
B8: YELLOW | C8: =COUNTIF(บันทึกผลประเมิน!$L$4:$L$320,"YELLOW") -> 0 | D8: 🟡 ควรชวนคุย — ใน 72 ชม.
B9: GREEN | C9: =COUNTIF(บันทึกผลประเมิน!$L$4:$L$320,"GREEN") -> 1 | D9: ⚪ ปกติ
B10: รวม | C10: =SUM(C6:C9) -> 3
B12: ๒) แยกตามชั้นปี (นับเฉพาะเคสที่ต้องดูแล: แดง+ส้ม+เหลือง)
B13: ชั้นปี | C13: ประเมินทั้งหมด | D13: แดง | E13: ส้ม | F13: เหลือง | G13: รวมต้องดูแล
B14: ปี 1 | C14: =COUNTIF(บันทึกผลประเมิน!$C$4:$C$320,"ปี 1") -> 1 | D14: =COUNTIFS(บันทึกผลประเมิน!$C$4:$C$320,"ปี 1",บันทึกผลประเมิน!$L$4:$L$320,"RED") -> 0 | E14: =COUNTIFS(บันทึกผลประเมิน!$C$4:$C$320,"ปี 1",บันทึกผลประเมิน!$L$4:$L$320,"ORANGE") -> 0 | F14: =COUNTIFS(บันทึกผลประเมิน!$C$4:$C$320,"ปี 1",บันทึกผลประเมิน!$L$4:$L$320,"YELLOW") -> 0 | G14: =SUM(D14:F14) -> 0
B15: ปี 2 | C15: =COUNTIF(บันทึกผลประเมิน!$C$4:$C$320,"ปี 2") -> 1 | D15: =COUNTIFS(บันทึกผลประเมิน!$C$4:$C$320,"ปี 2",บันทึกผลประเมิน!$L$4:$L$320,"RED") -> 0 | E15: =COUNTIFS(บันทึกผลประเมิน!$C$4:$C$320,"ปี 2",บันทึกผลประเมิน!$L$4:$L$320,"ORANGE") -> 1 | F15: =COUNTIFS(บันทึกผลประเมิน!$C$4:$C$320,"ปี 2",บันทึกผลประเมิน!$L$4:$L$320,"YELLOW") -> 0 | G15: =SUM(D15:F15) -> 1
B16: ปี 3 | C16: =COUNTIF(บันทึกผลประเมิน!$C$4:$C$320,"ปี 3") -> 0 | D16: =COUNTIFS(บันทึกผลประเมิน!$C$4:$C$320,"ปี 3",บันทึกผลประเมิน!$L$4:$L$320,"RED") -> 0 | E16: =COUNTIFS(บันทึกผลประเมิน!$C$4:$C$320,"ปี 3",บันทึกผลประเมิน!$L$4:$L$320,"ORANGE") -> 0 | F16: =COUNTIFS(บันทึกผลประเมิน!$C$4:$C$320,"ปี 3",บันทึกผลประเมิน!$L$4:$L$320,"YELLOW") -> 0 | G16: =SUM(D16:F16) -> 0
B17: ปี 4 | C17: =COUNTIF(บันทึกผลประเมิน!$C$4:$C$320,"ปี 4") -> 1 | D17: =COUNTIFS(บันทึกผลประเมิน!$C$4:$C$320,"ปี 4",บันทึกผลประเมิน!$L$4:$L$320,"RED") -> 1 | E17: =COUNTIFS(บันทึกผลประเมิน!$C$4:$C$320,"ปี 4",บันทึกผลประเมิน!$L$4:$L$320,"ORANGE") -> 0 | F17: =COUNTIFS(บันทึกผลประเมิน!$C$4:$C$320,"ปี 4",บันทึกผลประเมิน!$L$4:$L$320,"YELLOW") -> 0 | G17: =SUM(D17:F17) -> 1
B18: รวมทุกชั้นปี | C18: =SUM(C14:C17) -> 3 | D18: =SUM(D14:D17) -> 1 | E18: =SUM(E14:E17) -> 1 | F18: =SUM(F14:F17) -> 0 | G18: =SUM(G14:G17) -> 2
B20: ๓) แยกตามประเภทแบบประเมิน (จำนวนที่ทำ และเข้าเกณฑ์เฝ้าระวัง)
B21: แบบประเมิน | C21: จำนวนที่ทำ | D21: เข้าเกณฑ์เฝ้าระวัง | E21: เกณฑ์ที่ใช้นับ
B22: ST-5 | C22: =COUNT(บันทึกผลประเมิน!$E$4:$E$320) -> 3 | D22: =COUNTIF(บันทึกผลประเมิน!$E$4:$E$320,">=10") -> 1 | E22: คะแนน ≥ 10 (เครียดมากที่สุด)
B23: 2Q | C23: =COUNT(บันทึกผลประเมิน!$F$4:$F$320) -> 3 | D23: =COUNTIF(บันทึกผลประเมิน!$F$4:$F$320,">=1") -> 2 | E23: มีข้อใดข้อหนึ่งเป็นบวก
B24: 9Q | C24: =COUNT(บันทึกผลประเมิน!$G$4:$G$320) -> 2 | D24: =COUNTIF(บันทึกผลประเมิน!$G$4:$G$320,">=7") -> 2 | E24: คะแนน ≥ 7
B25: 8Q | C25: =COUNT(บันทึกผลประเมิน!$I$4:$I$320) -> 2 | D25: =COUNTIF(บันทึกผลประเมิน!$I$4:$I$320,">=1") -> 2 | E25: มีความเสี่ยงฆ่าตัวตาย
B27: ๔) แยกตามเพศ (กลุ่ม)
B28: เพศ | C28: ประเมินทั้งหมด | D28: ต้องดูแล (แดง+ส้ม+เหลือง)
B29: ชาย | C29: =COUNTIF(บันทึกผลประเมิน!$D$4:$D$320,"ช") -> 0 | D29: =COUNTIFS(บันทึกผลประเมิน!$D$4:$D$320,"ช",บันทึกผลประเมิน!$L$4:$L$320,"RED")+COUNTIFS(บันทึกผลประเมิน!$D$4:$D$320,"ช",บันทึกผลประเมิน!$L$4:$L$320,"ORANGE")+COUNTIFS(บันทึกผลประเมิน!$D$4:$D$320,"ช",บันทึกผลประเมิน!$L$4:$L$320,"YELLOW") -> 0
B30: หญิง | C30: =COUNTIF(บันทึกผลประเมิน!$D$4:$D$320,"ญ") -> 3 | D30: =COUNTIFS(บันทึกผลประเมิน!$D$4:$D$320,"ญ",บันทึกผลประเมิน!$L$4:$L$320,"RED")+COUNTIFS(บันทึกผลประเมิน!$D$4:$D$320,"ญ",บันทึกผลประเมิน!$L$4:$L$320,"ORANGE")+COUNTIFS(บันทึกผลประเมิน!$D$4:$D$320,"ญ",บันทึกผลประเมิน!$L$4:$L$320,"YELLOW") -> 2
B32: ๕) สัญญาณจากกล้อง (ดัชนีควรชวนคุย)
B33: รายการ | C33: ค่า
B34: สัญญาณขัดแย้ง (ตอบปกติแต่ดัชนีสูง) | C34: =COUNTIF(บันทึกผลประเมิน!$K$4:$K$320,"ใช่") -> 1
B35: ดัชนีกล้องเฉลี่ย (เฉพาะที่มีค่า) | C35: =IFERROR(ROUND(AVERAGE(บันทึกผลประเมิน!$J$4:$J$320),1),"-") -> 53.7
